{
    "data": [
        {
            "buildingname": "Building Name",
            "buildingnumber": "Building Number",
            "clientdevices": "Client Devices",
            "totalAP": "Total APs"
        },
        {
            "buildingname": "Illini Union",
            "buildingnumber": "0023",
            "clientdevices": "332",
            "totalAP": "134"
        },
        {
            "buildingname": "Hopkins Hall",
            "buildingnumber": "0084",
            "clientdevices": "6",
            "totalAP": "50"
        },
        {
            "buildingname": "State Farm Center",
            "buildingnumber": "0166",
            "clientdevices": "108",
            "totalAP": "195"
        },
        {
            "buildingname": "Vet Med Teaching Hospital",
            "buildingnumber": "0292",
            "clientdevices": "310",
            "totalAP": "148"
        },
        {
            "buildingname": "Flagg Hall",
            "buildingnumber": "0089",
            "clientdevices": "20",
            "totalAP": "39"
        },
        {
            "buildingname": "OD North Laundry",
            "buildingnumber": "0230",
            "clientdevices": "0",
            "totalAP": "1"
        },
        {
            "buildingname": "Atrel 1611 Titan",
            "buildingnumber": "0382",
            "clientdevices": "12",
            "totalAP": "13"
        },
        {
            "buildingname": "South Farms Isolation Work Area",
            "buildingnumber": "1161",
            "clientdevices": "0",
            "totalAP": "1"
        },
        {
            "buildingname": "Davenport Hall",
            "buildingnumber": "0001",
            "clientdevices": "101",
            "totalAP": "88"
        },
        {
            "buildingname": "Art Annex East 2",
            "buildingnumber": "0002",
            "clientdevices": "7",
            "totalAP": "5"
        },
        {
            "buildingname": "Mckinley Health Clinic",
            "buildingnumber": "0003",
            "clientdevices": "118",
            "totalAP": "82"
        },
        {
            "buildingname": "Harding Band Building",
            "buildingnumber": "0004",
            "clientdevices": "26",
            "totalAP": "19"
        },
        {
            "buildingname": "Kenney Gym Annex",
            "buildingnumber": "0005",
            "clientdevices": "17",
            "totalAP": "4"
        },
        {
            "buildingname": "Armory",
            "buildingnumber": "0006",
            "clientdevices": "167",
            "totalAP": "140"
        },
        {
            "buildingname": "Foellinger Auditoruim",
            "buildingnumber": "0007",
            "clientdevices": "8",
            "totalAP": "33"
        },
        {
            "buildingname": "Agricultural Engineering Sciences Building",
            "buildingnumber": "0008",
            "clientdevices": "67",
            "totalAP": "65"
        },
        {
            "buildingname": "Chem Annex",
            "buildingnumber": "0010",
            "clientdevices": "36",
            "totalAP": "25"
        },
        {
            "buildingname": "Kiln House",
            "buildingnumber": "0011",
            "clientdevices": "4",
            "totalAP": "8"
        },
        {
            "buildingname": "Noyes",
            "buildingnumber": "0012",
            "clientdevices": "119",
            "totalAP": "110"
        },
        {
            "buildingname": "Talbot Lab",
            "buildingnumber": "0013",
            "clientdevices": "202",
            "totalAP": "83"
        },
        {
            "buildingname": "Ice Arena",
            "buildingnumber": "0014",
            "clientdevices": "4",
            "totalAP": "3"
        },
        {
            "buildingname": "Engineering Hall",
            "buildingnumber": "0015",
            "clientdevices": "106",
            "totalAP": "54"
        },
        {
            "buildingname": "Advanced Computation Building",
            "buildingnumber": "0017",
            "clientdevices": "17",
            "totalAP": "18"
        },
        {
            "buildingname": "Art Annex",
            "buildingnumber": "0018",
            "clientdevices": "29",
            "totalAP": "28"
        },
        {
            "buildingname": "Physiology Research Lab",
            "buildingnumber": "0020",
            "clientdevices": "2",
            "totalAP": "3"
        },
        {
            "buildingname": "Kenney Gym",
            "buildingnumber": "0021",
            "clientdevices": "17",
            "totalAP": "7"
        },
        {
            "buildingname": "Newmark",
            "buildingnumber": "0024",
            "clientdevices": "275",
            "totalAP": "117"
        },
        {
            "buildingname": "Harker Hall",
            "buildingnumber": "0025",
            "clientdevices": "59",
            "totalAP": "22"
        },
        {
            "buildingname": "Altgeld Hall",
            "buildingnumber": "0026",
            "clientdevices": "141",
            "totalAP": "55"
        },
        {
            "buildingname": "Lincoln Hall",
            "buildingnumber": "0027",
            "clientdevices": "211",
            "totalAP": "114"
        },
        {
            "buildingname": "Mechanical Engineering Laboratory",
            "buildingnumber": "0029",
            "clientdevices": "218",
            "totalAP": "100"
        },
        {
            "buildingname": "Natural History Building",
            "buildingnumber": "0032",
            "clientdevices": "170",
            "totalAP": "127"
        },
        {
            "buildingname": "Observatory",
            "buildingnumber": "0033",
            "clientdevices": "21",
            "totalAP": "10"
        },
        {
            "buildingname": "Material Sciences Engineering Building",
            "buildingnumber": "0034",
            "clientdevices": "75",
            "totalAP": "68"
        },
        {
            "buildingname": "Everitt",
            "buildingnumber": "0037",
            "clientdevices": "82",
            "totalAP": "100"
        },
        {
            "buildingname": "Music Building",
            "buildingnumber": "0039",
            "clientdevices": "183",
            "totalAP": "85"
        },
        {
            "buildingname": "Stock Pavilion",
            "buildingnumber": "0040",
            "clientdevices": "6",
            "totalAP": "9"
        },
        {
            "buildingname": "Main Library",
            "buildingnumber": "0041",
            "clientdevices": "250",
            "totalAP": "116"
        },
        {
            "buildingname": "Transportation Building",
            "buildingnumber": "0042",
            "clientdevices": "54",
            "totalAP": "35"
        },
        {
            "buildingname": "Gregory Hall",
            "buildingnumber": "0043",
            "clientdevices": "109",
            "totalAP": "99"
        },
        {
            "buildingname": "English Building",
            "buildingnumber": "0044",
            "clientdevices": "116",
            "totalAP": "89"
        },
        {
            "buildingname": "Henry Administration Building",
            "buildingnumber": "0046",
            "clientdevices": "127",
            "totalAP": "101"
        },
        {
            "buildingname": "Nuclear Radiations Laboratory",
            "buildingnumber": "0048",
            "clientdevices": "31",
            "totalAP": "6"
        },
        {
            "buildingname": "Architecture Building",
            "buildingnumber": "0050",
            "clientdevices": "52",
            "totalAP": "52"
        },
        {
            "buildingname": "Krannert Center for the Performing Arts",
            "buildingnumber": "0052",
            "clientdevices": "181",
            "totalAP": "116"
        },
        {
            "buildingname": "David Kinley Hall",
            "buildingnumber": "0054",
            "clientdevices": "94",
            "totalAP": "76"
        },
        {
            "buildingname": "Ceramics Building",
            "buildingnumber": "0055",
            "clientdevices": "35",
            "totalAP": "41"
        },
        {
            "buildingname": "Vivarium",
            "buildingnumber": "0056",
            "clientdevices": "16",
            "totalAP": "15"
        },
        {
            "buildingname": "Huff Hall",
            "buildingnumber": "0058",
            "clientdevices": "118",
            "totalAP": "75"
        },
        {
            "buildingname": "Richard D and Anne Marie Irwin Doctoral Study Hall",
            "buildingnumber": "0059",
            "clientdevices": "34",
            "totalAP": "9"
        },
        {
            "buildingname": "Smith Music Hall",
            "buildingnumber": "0060",
            "clientdevices": "6",
            "totalAP": "37"
        },
        {
            "buildingname": "University High School",
            "buildingnumber": "0061",
            "clientdevices": "39",
            "totalAP": "31"
        },
        {
            "buildingname": "Children's Development Laboratory",
            "buildingnumber": "0062",
            "clientdevices": "22",
            "totalAP": "15"
        },
        {
            "buildingname": "University High Gym",
            "buildingnumber": "0063",
            "clientdevices": "0",
            "totalAP": "2"
        },
        {
            "buildingname": "Freer Hall",
            "buildingnumber": "0064",
            "clientdevices": "66",
            "totalAP": "41"
        },
        {
            "buildingname": "Illini Hall",
            "buildingnumber": "0065",
            "clientdevices": "52",
            "totalAP": "34"
        },
        {
            "buildingname": "Seitz Materials Research Laboratory",
            "buildingnumber": "0066",
            "clientdevices": "130",
            "totalAP": "102"
        },
        {
            "buildingname": "Loomis Laboratory",
            "buildingnumber": "0067",
            "clientdevices": "342",
            "totalAP": "134"
        },
        {
            "buildingname": "Horticulture Field Lab",
            "buildingnumber": "0068",
            "clientdevices": "9",
            "totalAP": "14"
        },
        {
            "buildingname": "Mumford Hall",
            "buildingnumber": "0069",
            "clientdevices": "125",
            "totalAP": "81"
        },
        {
            "buildingname": "Chemical and Life Sciences Laboratory",
            "buildingnumber": "0070",
            "clientdevices": "303",
            "totalAP": "154"
        },
        {
            "buildingname": "Student Arcade Building",
            "buildingnumber": "0071",
            "clientdevices": "61",
            "totalAP": "17"
        },
        {
            "buildingname": "Memorial Stadium",
            "buildingnumber": "0072",
            "clientdevices": "106",
            "totalAP": "98"
        },
        {
            "buildingname": "Agricultural Bioprocess Laboratory",
            "buildingnumber": "0073",
            "clientdevices": "18",
            "totalAP": "12"
        },
        {
            "buildingname": "IGPA",
            "buildingnumber": "0074",
            "clientdevices": "14",
            "totalAP": "8"
        },
        {
            "buildingname": "Childrens Research Center",
            "buildingnumber": "0075",
            "clientdevices": "35",
            "totalAP": "38"
        },
        {
            "buildingname": "Psychology",
            "buildingnumber": "0076",
            "clientdevices": "169",
            "totalAP": "128"
        },
        {
            "buildingname": "Plant Services NE",
            "buildingnumber": "0077",
            "clientdevices": "4",
            "totalAP": "3"
        },
        {
            "buildingname": "Snyder Hall",
            "buildingnumber": "0078",
            "clientdevices": "8",
            "totalAP": "97"
        },
        {
            "buildingname": "Scott Hall",
            "buildingnumber": "0079",
            "clientdevices": "11",
            "totalAP": "4"
        },
        {
            "buildingname": "Weston Hall",
            "buildingnumber": "0080",
            "clientdevices": "3",
            "totalAP": "102"
        },
        {
            "buildingname": "Lundgren",
            "buildingnumber": "0086",
            "clientdevices": "20",
            "totalAP": "38"
        },
        {
            "buildingname": "Clark",
            "buildingnumber": "0087",
            "clientdevices": "43",
            "totalAP": "16"
        },
        {
            "buildingname": "Barton",
            "buildingnumber": "0088",
            "clientdevices": "6",
            "totalAP": "37"
        },
        {
            "buildingname": "Noble Hall",
            "buildingnumber": "0090",
            "clientdevices": "17",
            "totalAP": "25"
        },
        {
            "buildingname": "Van Doren",
            "buildingnumber": "0091",
            "clientdevices": "14",
            "totalAP": "50"
        },
        {
            "buildingname": "Taft",
            "buildingnumber": "0092",
            "clientdevices": "5",
            "totalAP": "45"
        },
        {
            "buildingname": "Alice Campbell Alumni Center",
            "buildingnumber": "0094",
            "clientdevices": "49",
            "totalAP": "26"
        },
        {
            "buildingname": "Superconductivity Laboratory",
            "buildingnumber": "0095",
            "clientdevices": "104",
            "totalAP": "28"
        },
        {
            "buildingname": "Undergrad Library",
            "buildingnumber": "0099",
            "clientdevices": "113",
            "totalAP": "59"
        },
        {
            "buildingname": "Presidents House",
            "buildingnumber": "0100",
            "clientdevices": "0",
            "totalAP": "15"
        },
        {
            "buildingname": "Blaisdell Hall",
            "buildingnumber": "0101",
            "clientdevices": "28",
            "totalAP": "60"
        },
        {
            "buildingname": "Saunders Hall",
            "buildingnumber": "0102",
            "clientdevices": "19",
            "totalAP": "60"
        },
        {
            "buildingname": "Babcock Hall",
            "buildingnumber": "0103",
            "clientdevices": "3",
            "totalAP": "59"
        },
        {
            "buildingname": "Carr Hall",
            "buildingnumber": "0104",
            "clientdevices": "8",
            "totalAP": "59"
        },
        {
            "buildingname": "PAR Food Building",
            "buildingnumber": "0105",
            "clientdevices": "64",
            "totalAP": "18"
        },
        {
            "buildingname": "Illini Union Bookstore",
            "buildingnumber": "0106",
            "clientdevices": "142",
            "totalAP": "39"
        },
        {
            "buildingname": "Computer Applications Building",
            "buildingnumber": "0108",
            "clientdevices": "46",
            "totalAP": "38"
        },
        {
            "buildingname": "Natural Resources Building",
            "buildingnumber": "0109",
            "clientdevices": "108",
            "totalAP": "113"
        },
        {
            "buildingname": "Nuclear Physics Lab",
            "buildingnumber": "0110",
            "clientdevices": "33",
            "totalAP": "16"
        },
        {
            "buildingname": "Busey Hall",
            "buildingnumber": "0111",
            "clientdevices": "4",
            "totalAP": "35"
        },
        {
            "buildingname": "Mechanical Engineering Building",
            "buildingnumber": "0112",
            "clientdevices": "143",
            "totalAP": "77"
        },
        {
            "buildingname": "Evans Hall",
            "buildingnumber": "0115",
            "clientdevices": "14",
            "totalAP": "38"
        },
        {
            "buildingname": "Roger Adams Laboratory",
            "buildingnumber": "0116",
            "clientdevices": "499",
            "totalAP": "222"
        },
        {
            "buildingname": "Nuclear Engineering Lab",
            "buildingnumber": "0117",
            "clientdevices": "6",
            "totalAP": "4"
        },
        {
            "buildingname": "ARC",
            "buildingnumber": "0118",
            "clientdevices": "136",
            "totalAP": "45"
        },
        {
            "buildingname": "Abbott Power Plant",
            "buildingnumber": "0120",
            "clientdevices": "28",
            "totalAP": "26"
        },
        {
            "buildingname": "Radio Transmitter Station",
            "buildingnumber": "0122",
            "clientdevices": "0",
            "totalAP": "1"
        },
        {
            "buildingname": "National Soybean Research Center",
            "buildingnumber": "0124",
            "clientdevices": "77",
            "totalAP": "63"
        },
        {
            "buildingname": "Levis",
            "buildingnumber": "0126",
            "clientdevices": "16",
            "totalAP": "20"
        },
        {
            "buildingname": "Geological Survey Laboratory",
            "buildingnumber": "0128",
            "clientdevices": "12",
            "totalAP": "7"
        },
        {
            "buildingname": "Coble Hall",
            "buildingnumber": "0130",
            "clientdevices": "57",
            "totalAP": "26"
        },
        {
            "buildingname": "Turner Hall Greenhouses",
            "buildingnumber": "0131",
            "clientdevices": "10",
            "totalAP": "23"
        },
        {
            "buildingname": "Natural Resources Garage",
            "buildingnumber": "0133",
            "clientdevices": "6",
            "totalAP": "2"
        },
        {
            "buildingname": "Natural Resources Building Greenhouse",
            "buildingnumber": "0134",
            "clientdevices": "6",
            "totalAP": "3"
        },
        {
            "buildingname": "Goodwin",
            "buildingnumber": "0136",
            "clientdevices": "88",
            "totalAP": "74"
        },
        {
            "buildingname": "Green",
            "buildingnumber": "0137",
            "clientdevices": "63",
            "totalAP": "61"
        },
        {
            "buildingname": "Burrill Hall",
            "buildingnumber": "0138",
            "clientdevices": "155",
            "totalAP": "108"
        },
        {
            "buildingname": "Illinois Simulator Lab",
            "buildingnumber": "0140",
            "clientdevices": "7",
            "totalAP": "15"
        },
        {
            "buildingname": "LAR Hall",
            "buildingnumber": "0141",
            "clientdevices": "31",
            "totalAP": "106"
        },
        {
            "buildingname": "Allen Hall",
            "buildingnumber": "0142",
            "clientdevices": "10",
            "totalAP": "155"
        },
        {
            "buildingname": "Dalkey Press",
            "buildingnumber": "0144",
            "clientdevices": "1",
            "totalAP": "3"
        },
        {
            "buildingname": "1205 Nevada",
            "buildingnumber": "0146",
            "clientdevices": "6",
            "totalAP": "4"
        },
        {
            "buildingname": "Coordinated Sciences Laboratory",
            "buildingnumber": "0148",
            "clientdevices": "272",
            "totalAP": "77"
        },
        {
            "buildingname": "1204 W Nevada",
            "buildingnumber": "0151",
            "clientdevices": "2",
            "totalAP": "4"
        },
        {
            "buildingname": "Hydrosystems Laboratory",
            "buildingnumber": "0152",
            "clientdevices": "34",
            "totalAP": "14"
        },
        {
            "buildingname": "Personnel Services Building",
            "buildingnumber": "0154",
            "clientdevices": "23",
            "totalAP": "4"
        },
        {
            "buildingname": "Law Building",
            "buildingnumber": "0156",
            "clientdevices": "137",
            "totalAP": "101"
        },
        {
            "buildingname": "1201 W Nevada",
            "buildingnumber": "0157",
            "clientdevices": "8",
            "totalAP": "5"
        },
        {
            "buildingname": "Bevier",
            "buildingnumber": "0158",
            "clientdevices": "171",
            "totalAP": "111"
        },
        {
            "buildingname": "Wohlers",
            "buildingnumber": "0159",
            "clientdevices": "154",
            "totalAP": "86"
        },
        {
            "buildingname": "Education Building",
            "buildingnumber": "0160",
            "clientdevices": "121",
            "totalAP": "76"
        },
        {
            "buildingname": "1401 S Maryland",
            "buildingnumber": "0161",
            "clientdevices": "11",
            "totalAP": "5"
        },
        {
            "buildingname": "Engineering Senior Design Laboratory",
            "buildingnumber": "0162",
            "clientdevices": "3",
            "totalAP": "1"
        },
        {
            "buildingname": "Animal Sciences Laboratory",
            "buildingnumber": "0165",
            "clientdevices": "140",
            "totalAP": "118"
        },
        {
            "buildingname": "Colonel Wolfe",
            "buildingnumber": "0167",
            "clientdevices": "5",
            "totalAP": "11"
        },
        {
            "buildingname": "Burnsides Laboratory",
            "buildingnumber": "0169",
            "clientdevices": "13",
            "totalAP": "3"
        },
        {
            "buildingname": "Central Receiving Building",
            "buildingnumber": "0170",
            "clientdevices": "6",
            "totalAP": "12"
        },
        {
            "buildingname": "Meat Sciences Laboratory",
            "buildingnumber": "0171",
            "clientdevices": "12",
            "totalAP": "11"
        },
        {
            "buildingname": "Foreign Language Building",
            "buildingnumber": "0172",
            "clientdevices": "137",
            "totalAP": "105"
        },
        {
            "buildingname": "Engineering Sciences Building",
            "buildingnumber": "0174",
            "clientdevices": "120",
            "totalAP": "83"
        },
        {
            "buildingname": "Rehab Education Center",
            "buildingnumber": "0176",
            "clientdevices": "62",
            "totalAP": "27"
        },
        {
            "buildingname": "Mailing Center",
            "buildingnumber": "0178",
            "clientdevices": "11",
            "totalAP": "2"
        },
        {
            "buildingname": "Daniels Hall",
            "buildingnumber": "0181",
            "clientdevices": "115",
            "totalAP": "135"
        },
        {
            "buildingname": "Wood Engineering",
            "buildingnumber": "0183",
            "clientdevices": "4",
            "totalAP": "3"
        },
        {
            "buildingname": "Entomology Lab",
            "buildingnumber": "0187",
            "clientdevices": "9",
            "totalAP": "4"
        },
        {
            "buildingname": "Fred Turner Student Services Building",
            "buildingnumber": "0188",
            "clientdevices": "88",
            "totalAP": "30"
        },
        {
            "buildingname": "Medical Sciences Building",
            "buildingnumber": "0192",
            "clientdevices": "67",
            "totalAP": "92"
        },
        {
            "buildingname": "Swanlund",
            "buildingnumber": "0193",
            "clientdevices": "113",
            "totalAP": "32"
        },
        {
            "buildingname": "1203 W Nevada",
            "buildingnumber": "0195",
            "clientdevices": "8",
            "totalAP": "4"
        },
        {
            "buildingname": "Optical Physics and Engineering Building",
            "buildingnumber": "0196",
            "clientdevices": "1",
            "totalAP": "9"
        },
        {
            "buildingname": "Turner Hall",
            "buildingnumber": "0197",
            "clientdevices": "166",
            "totalAP": "129"
        },
        {
            "buildingname": "Physical Plant Services Building",
            "buildingnumber": "0198",
            "clientdevices": "211",
            "totalAP": "66"
        },
        {
            "buildingname": "1001 W Nevada",
            "buildingnumber": "0199",
            "clientdevices": "0",
            "totalAP": "4"
        },
        {
            "buildingname": "Garage and Car Pool",
            "buildingnumber": "0201",
            "clientdevices": "22",
            "totalAP": "11"
        },
        {
            "buildingname": "Hydrogen Liquefier Building",
            "buildingnumber": "0204",
            "clientdevices": "2",
            "totalAP": "1"
        },
        {
            "buildingname": "Waste Management And Research Laboratory",
            "buildingnumber": "0206",
            "clientdevices": "42",
            "totalAP": "22"
        },
        {
            "buildingname": "1203 Half Nevada",
            "buildingnumber": "0207",
            "clientdevices": "5",
            "totalAP": "3"
        },
        {
            "buildingname": "Atmospheric Sciences",
            "buildingnumber": "0208",
            "clientdevices": "17",
            "totalAP": "11"
        },
        {
            "buildingname": "Speech and Hearing",
            "buildingnumber": "0209",
            "clientdevices": "0",
            "totalAP": "0"
        },
        {
            "buildingname": "Digital Computer Lab",
            "buildingnumber": "0210",
            "clientdevices": "362",
            "totalAP": "128"
        },
        {
            "buildingname": "Environmental Health and Safety",
            "buildingnumber": "0213",
            "clientdevices": "10",
            "totalAP": "6"
        },
        {
            "buildingname": "Housing Food Stores",
            "buildingnumber": "0217",
            "clientdevices": "22",
            "totalAP": "17"
        },
        {
            "buildingname": "School of Labor And Employment Relations",
            "buildingnumber": "0218",
            "clientdevices": "29",
            "totalAP": "23"
        },
        {
            "buildingname": "Art and Design",
            "buildingnumber": "0219",
            "clientdevices": "36",
            "totalAP": "56"
        },
        {
            "buildingname": "Krannert Art Museum",
            "buildingnumber": "0220",
            "clientdevices": "30",
            "totalAP": "36"
        },
        {
            "buildingname": "805 W Penn",
            "buildingnumber": "0221",
            "clientdevices": "7",
            "totalAP": "8"
        },
        {
            "buildingname": "Printing Services",
            "buildingnumber": "0222",
            "clientdevices": "3",
            "totalAP": "1"
        },
        {
            "buildingname": "1205 W Oregon",
            "buildingnumber": "0224",
            "clientdevices": "12",
            "totalAP": "4"
        },
        {
            "buildingname": "Orchard Place Apartments",
            "buildingnumber": "0227",
            "clientdevices": "4",
            "totalAP": "2"
        },
        {
            "buildingname": "Beckman Institute",
            "buildingnumber": "0228",
            "clientdevices": "452",
            "totalAP": "236"
        },
        {
            "buildingname": "North Chiller",
            "buildingnumber": "0232",
            "clientdevices": "8",
            "totalAP": "1"
        },
        {
            "buildingname": "Housing Maintenance Shop",
            "buildingnumber": "0233",
            "clientdevices": "15",
            "totalAP": "5"
        },
        {
            "buildingname": "OD South Laundry",
            "buildingnumber": "0236",
            "clientdevices": "1",
            "totalAP": "2"
        },
        {
            "buildingname": "Micro and Nano",
            "buildingnumber": "0237",
            "clientdevices": "131",
            "totalAP": "100"
        },
        {
            "buildingname": "1207 W Oregon",
            "buildingnumber": "0238",
            "clientdevices": "20",
            "totalAP": "15"
        },
        {
            "buildingname": "Morrill Hall",
            "buildingnumber": "0242",
            "clientdevices": "164",
            "totalAP": "105"
        },
        {
            "buildingname": "508 S Sixth",
            "buildingnumber": "0243",
            "clientdevices": "1",
            "totalAP": "2"
        },
        {
            "buildingname": "625 S. Wright",
            "buildingnumber": "0247",
            "clientdevices": "28",
            "totalAP": "8"
        },
        {
            "buildingname": "OD Community Building",
            "buildingnumber": "0249",
            "clientdevices": "2",
            "totalAP": "1"
        },
        {
            "buildingname": "912 S Fifth",
            "buildingnumber": "0250",
            "clientdevices": "20",
            "totalAP": "2"
        },
        {
            "buildingname": "Housing Warehouse",
            "buildingnumber": "0252",
            "clientdevices": "6",
            "totalAP": "5"
        },
        {
            "buildingname": "University Press Building",
            "buildingnumber": "0255",
            "clientdevices": "19",
            "totalAP": "5"
        },
        {
            "buildingname": "Plant Sciences Laboratory",
            "buildingnumber": "0256",
            "clientdevices": "39",
            "totalAP": "58"
        },
        {
            "buildingname": "Ubben",
            "buildingnumber": "0257",
            "clientdevices": "49",
            "totalAP": "4"
        },
        {
            "buildingname": "Dance Studio",
            "buildingnumber": "0268",
            "clientdevices": "4",
            "totalAP": "3"
        },
        {
            "buildingname": "Waste Transfer And Mat. Recovery Facility",
            "buildingnumber": "0270",
            "clientdevices": "3",
            "totalAP": "1"
        },
        {
            "buildingname": "Wardall Hall",
            "buildingnumber": "0272",
            "clientdevices": "10",
            "totalAP": "119"
        },
        {
            "buildingname": "Townsend Hall",
            "buildingnumber": "0273",
            "clientdevices": "13",
            "totalAP": "49"
        },
        {
            "buildingname": "ISR Lounge",
            "buildingnumber": "0274",
            "clientdevices": "0",
            "totalAP": "0"
        },
        {
            "buildingname": "Food Service",
            "buildingnumber": "0275",
            "clientdevices": "0",
            "totalAP": "0"
        },
        {
            "buildingname": "Police Training Institute Tactical",
            "buildingnumber": "0277",
            "clientdevices": "2",
            "totalAP": "4"
        },
        {
            "buildingname": "50 Gerty",
            "buildingnumber": "0281",
            "clientdevices": "88",
            "totalAP": "18"
        },
        {
            "buildingname": "Driver Training Facility",
            "buildingnumber": "0283",
            "clientdevices": "0",
            "totalAP": "1"
        },
        {
            "buildingname": "Vet Med Clinical Studies",
            "buildingnumber": "0287",
            "clientdevices": "5",
            "totalAP": "6"
        },
        {
            "buildingname": "State Water Survey Building 2",
            "buildingnumber": "0289",
            "clientdevices": "6",
            "totalAP": "7"
        },
        {
            "buildingname": "Fire Station",
            "buildingnumber": "0290",
            "clientdevices": "2",
            "totalAP": "2"
        },
        {
            "buildingname": "Sherman Hall",
            "buildingnumber": "0291",
            "clientdevices": "30",
            "totalAP": "186"
        },
        {
            "buildingname": "Fire Safety",
            "buildingnumber": "0294",
            "clientdevices": "34",
            "totalAP": "9"
        },
        {
            "buildingname": "Trelease",
            "buildingnumber": "0295",
            "clientdevices": "9",
            "totalAP": "96"
        },
        {
            "buildingname": "Oglesby",
            "buildingnumber": "0296",
            "clientdevices": "25",
            "totalAP": "96"
        },
        {
            "buildingname": "Florida Avenue Residence Hall Lounge Building",
            "buildingnumber": "0297",
            "clientdevices": "13",
            "totalAP": "9"
        },
        {
            "buildingname": "Astronomy Building",
            "buildingnumber": "0300",
            "clientdevices": "27",
            "totalAP": "16"
        },
        {
            "buildingname": "Track",
            "buildingnumber": "0304",
            "clientdevices": "2",
            "totalAP": "2"
        },
        {
            "buildingname": "Building Research Council Building",
            "buildingnumber": "0306",
            "clientdevices": "12",
            "totalAP": "6"
        },
        {
            "buildingname": "Biological Control Laboratory",
            "buildingnumber": "0307",
            "clientdevices": "3",
            "totalAP": "3"
        },
        {
            "buildingname": "Survey Storage 1",
            "buildingnumber": "0311",
            "clientdevices": "0",
            "totalAP": "2"
        },
        {
            "buildingname": "Natural History Survey Storage 2",
            "buildingnumber": "0312",
            "clientdevices": "0",
            "totalAP": "1"
        },
        {
            "buildingname": "Illinois Field",
            "buildingnumber": "0316",
            "clientdevices": "5",
            "totalAP": "1"
        },
        {
            "buildingname": "Natural Resources Studies Annex",
            "buildingnumber": "0321",
            "clientdevices": "9",
            "totalAP": "28"
        },
        {
            "buildingname": "Public Safety Building",
            "buildingnumber": "0323",
            "clientdevices": "24",
            "totalAP": "15"
        },
        {
            "buildingname": "Grainger Library",
            "buildingnumber": "0324",
            "clientdevices": "203",
            "totalAP": "80"
        },
        {
            "buildingname": "Agriculture Services Building",
            "buildingnumber": "0326",
            "clientdevices": "2",
            "totalAP": "3"
        },
        {
            "buildingname": "South Studio 2",
            "buildingnumber": "0327",
            "clientdevices": "0",
            "totalAP": "2"
        },
        {
            "buildingname": "South Studio 1",
            "buildingnumber": "0328",
            "clientdevices": "1",
            "totalAP": "2"
        },
        {
            "buildingname": "Library Information Sciences Building",
            "buildingnumber": "0331",
            "clientdevices": "80",
            "totalAP": "43"
        },
        {
            "buildingname": "Edward R Madigan Laboratory",
            "buildingnumber": "0336",
            "clientdevices": "173",
            "totalAP": "110"
        },
        {
            "buildingname": "South Studio 3",
            "buildingnumber": "0338",
            "clientdevices": "1",
            "totalAP": "2"
        },
        {
            "buildingname": "Temple Buell Hall",
            "buildingnumber": "0339",
            "clientdevices": "60",
            "totalAP": "58"
        },
        {
            "buildingname": "Motorcycle Safety",
            "buildingnumber": "0347",
            "clientdevices": "5",
            "totalAP": "3"
        },
        {
            "buildingname": "Veterinary Medicine Basic Science Building",
            "buildingnumber": "0350",
            "clientdevices": "275",
            "totalAP": "196"
        },
        {
            "buildingname": "Veterinary Medicine Chiller Plant",
            "buildingnumber": "0352",
            "clientdevices": "1",
            "totalAP": "2"
        },
        {
            "buildingname": "505 E Green",
            "buildingnumber": "0353",
            "clientdevices": "59",
            "totalAP": "21"
        },
        {
            "buildingname": "Japan House",
            "buildingnumber": "0354",
            "clientdevices": "5",
            "totalAP": "2"
        },
        {
            "buildingname": "PTI",
            "buildingnumber": "0358",
            "clientdevices": "26",
            "totalAP": "23"
        },
        {
            "buildingname": "Covenent",
            "buildingnumber": "0359",
            "clientdevices": "2",
            "totalAP": "1"
        },
        {
            "buildingname": "Atkins Tennis Center",
            "buildingnumber": "0360",
            "clientdevices": "18",
            "totalAP": "12"
        },
        {
            "buildingname": "CRCE",
            "buildingnumber": "0364",
            "clientdevices": "33",
            "totalAP": "9"
        },
        {
            "buildingname": "Dance Admin",
            "buildingnumber": "0365",
            "clientdevices": "4",
            "totalAP": "4"
        },
        {
            "buildingname": "South Studio 4",
            "buildingnumber": "0366",
            "clientdevices": "0",
            "totalAP": "2"
        },
        {
            "buildingname": "901 W Oregon",
            "buildingnumber": "0367",
            "clientdevices": "7",
            "totalAP": "6"
        },
        {
            "buildingname": "International Studies Building",
            "buildingnumber": "0369",
            "clientdevices": "33",
            "totalAP": "24"
        },
        {
            "buildingname": "Graduate Photo Studio",
            "buildingnumber": "0370",
            "clientdevices": "0",
            "totalAP": "4"
        },
        {
            "buildingname": "South Studio 7",
            "buildingnumber": "0371",
            "clientdevices": "0",
            "totalAP": "2"
        },
        {
            "buildingname": "Special Materials Storage Facility",
            "buildingnumber": "0372",
            "clientdevices": "8",
            "totalAP": "5"
        },
        {
            "buildingname": "Spurlock Museum",
            "buildingnumber": "0373",
            "clientdevices": "26",
            "totalAP": "14"
        },
        {
            "buildingname": "South Studio 6",
            "buildingnumber": "0375",
            "clientdevices": "0",
            "totalAP": "3"
        },
        {
            "buildingname": "Campbell Hall",
            "buildingnumber": "0376",
            "clientdevices": "47",
            "totalAP": "30"
        },
        {
            "buildingname": "ACES Funk Library",
            "buildingnumber": "0377",
            "clientdevices": "43",
            "totalAP": "46"
        },
        {
            "buildingname": "Admissions and Records Building",
            "buildingnumber": "0378",
            "clientdevices": "68",
            "totalAP": "24"
        },
        {
            "buildingname": "Bielfeldt Hall",
            "buildingnumber": "0379",
            "clientdevices": "101",
            "totalAP": "9"
        },
        {
            "buildingname": "Campus Rec Outdoor Center",
            "buildingnumber": "0380",
            "clientdevices": "4",
            "totalAP": "3"
        },
        {
            "buildingname": "Irwin Academic Building",
            "buildingnumber": "0381",
            "clientdevices": "45",
            "totalAP": "27"
        },
        {
            "buildingname": "Chanute Facility 918",
            "buildingnumber": "0383",
            "clientdevices": "0",
            "totalAP": "7"
        },
        {
            "buildingname": "Chanute Facility 927",
            "buildingnumber": "0384",
            "clientdevices": "2",
            "totalAP": "3"
        },
        {
            "buildingname": "Irwin Indoor Football Facility",
            "buildingnumber": "0407",
            "clientdevices": "17",
            "totalAP": "2"
        },
        {
            "buildingname": "ECE Building",
            "buildingnumber": "0409",
            "clientdevices": "223",
            "totalAP": "118"
        },
        {
            "buildingname": "909 W Oregon",
            "buildingnumber": "0506",
            "clientdevices": "7",
            "totalAP": "2"
        },
        {
            "buildingname": "Illini Plaza",
            "buildingnumber": "0507",
            "clientdevices": "77",
            "totalAP": "14"
        },
        {
            "buildingname": "201 W Curtis Suite 1",
            "buildingnumber": "0523",
            "clientdevices": "2",
            "totalAP": "2"
        },
        {
            "buildingname": "631 Green",
            "buildingnumber": "0528",
            "clientdevices": "53",
            "totalAP": "5"
        },
        {
            "buildingname": "1112 W University",
            "buildingnumber": "0530",
            "clientdevices": "5",
            "totalAP": "5"
        },
        {
            "buildingname": "Illini Center",
            "buildingnumber": "0540",
            "clientdevices": "46",
            "totalAP": "26"
        },
        {
            "buildingname": "510 Devonshire",
            "buildingnumber": "0547",
            "clientdevices": "14",
            "totalAP": "1"
        },
        {
            "buildingname": "WILL Monticello",
            "buildingnumber": "0554",
            "clientdevices": "0",
            "totalAP": "1"
        },
        {
            "buildingname": "Fire Sub Station",
            "buildingnumber": "0556",
            "clientdevices": "2",
            "totalAP": "5"
        },
        {
            "buildingname": "111 E Green",
            "buildingnumber": "0559",
            "clientdevices": "30",
            "totalAP": "17"
        },
        {
            "buildingname": "Eichelberger Field Press Box",
            "buildingnumber": "0560",
            "clientdevices": "2",
            "totalAP": "1"
        },
        {
            "buildingname": "Siebel Center",
            "buildingnumber": "0563",
            "clientdevices": "313",
            "totalAP": "171"
        },
        {
            "buildingname": "NCSA",
            "buildingnumber": "0564",
            "clientdevices": "349",
            "totalAP": "92"
        },
        {
            "buildingname": "Carle Forum Center",
            "buildingnumber": "0565",
            "clientdevices": "5",
            "totalAP": "1"
        },
        {
            "buildingname": "Native American House",
            "buildingnumber": "0568",
            "clientdevices": "4",
            "totalAP": "2"
        },
        {
            "buildingname": "Trade Center",
            "buildingnumber": "0572",
            "clientdevices": "20",
            "totalAP": "2"
        },
        {
            "buildingname": "Control Tower",
            "buildingnumber": "0652",
            "clientdevices": "4",
            "totalAP": "1"
        },
        {
            "buildingname": "Snow Removal Equipment Building",
            "buildingnumber": "0656",
            "clientdevices": "2",
            "totalAP": "3"
        },
        {
            "buildingname": "Quonset 7",
            "buildingnumber": "0671",
            "clientdevices": "1",
            "totalAP": "2"
        },
        {
            "buildingname": "Quonset 8",
            "buildingnumber": "0672",
            "clientdevices": "0",
            "totalAP": "3"
        },
        {
            "buildingname": "Willard Main Terminal",
            "buildingnumber": "0675",
            "clientdevices": "34",
            "totalAP": "10"
        },
        {
            "buildingname": "Willard Institute of Aviation",
            "buildingnumber": "0676",
            "clientdevices": "20",
            "totalAP": "5"
        },
        {
            "buildingname": "Airport Rescue and Firefighting",
            "buildingnumber": "0677",
            "clientdevices": "6",
            "totalAP": "2"
        },
        {
            "buildingname": "Caretakers House",
            "buildingnumber": "0684",
            "clientdevices": "0",
            "totalAP": "1"
        },
        {
            "buildingname": "OD Computer Lab",
            "buildingnumber": "0774",
            "clientdevices": "0",
            "totalAP": "1"
        },
        {
            "buildingname": "OD Health Clinic",
            "buildingnumber": "0777",
            "clientdevices": "1",
            "totalAP": "1"
        },
        {
            "buildingname": "Orchard Downs South Computer Lab",
            "buildingnumber": "0794",
            "clientdevices": "7",
            "totalAP": "1"
        },
        {
            "buildingname": "Horse Feed Storage",
            "buildingnumber": "0815",
            "clientdevices": "2",
            "totalAP": "1"
        },
        {
            "buildingname": "Agronomy South Farms Laboratory",
            "buildingnumber": "0824",
            "clientdevices": "12",
            "totalAP": "1"
        },
        {
            "buildingname": "Animal Science Shop and Storage Horse Farm",
            "buildingnumber": "0828",
            "clientdevices": "0",
            "totalAP": "1"
        },
        {
            "buildingname": "Animal Science K40 Facility",
            "buildingnumber": "0831",
            "clientdevices": "1",
            "totalAP": "2"
        },
        {
            "buildingname": "Seedhouse",
            "buildingnumber": "0842",
            "clientdevices": "6",
            "totalAP": "2"
        },
        {
            "buildingname": "Sheet Metal Barn",
            "buildingnumber": "0846",
            "clientdevices": "1",
            "totalAP": "1"
        },
        {
            "buildingname": "USDA Growth Chamber Building",
            "buildingnumber": "0853",
            "clientdevices": "3",
            "totalAP": "2"
        },
        {
            "buildingname": "Dairy Experimental Round Barn",
            "buildingnumber": "0855",
            "clientdevices": "5",
            "totalAP": "1"
        },
        {
            "buildingname": "Pollinatarium",
            "buildingnumber": "0884",
            "clientdevices": "1",
            "totalAP": "1"
        },
        {
            "buildingname": "Horticulture Research Laboratory",
            "buildingnumber": "0885",
            "clientdevices": "3",
            "totalAP": "1"
        },
        {
            "buildingname": "Milking Parlor",
            "buildingnumber": "0934",
            "clientdevices": "1",
            "totalAP": "1"
        },
        {
            "buildingname": "Swine Research Center Farm House",
            "buildingnumber": "0957",
            "clientdevices": "0",
            "totalAP": "1"
        },
        {
            "buildingname": "Poultry Office USDA Soybean Lab",
            "buildingnumber": "0974",
            "clientdevices": "0",
            "totalAP": "3"
        },
        {
            "buildingname": "Machinery Storage Building",
            "buildingnumber": "0983",
            "clientdevices": "1",
            "totalAP": "2"
        },
        {
            "buildingname": "Soybean Research Agronomy Farm",
            "buildingnumber": "0991",
            "clientdevices": "5",
            "totalAP": "2"
        },
        {
            "buildingname": "Aeronomy Field Station",
            "buildingnumber": "1027",
            "clientdevices": "0",
            "totalAP": "2"
        },
        {
            "buildingname": "Laser Radar Facility",
            "buildingnumber": "1028",
            "clientdevices": "0",
            "totalAP": "1"
        },
        {
            "buildingname": "Swine Research Center",
            "buildingnumber": "1030",
            "clientdevices": "1",
            "totalAP": "4"
        },
        {
            "buildingname": "Swine Research Center",
            "buildingnumber": "1032",
            "clientdevices": "0",
            "totalAP": "1"
        },
        {
            "buildingname": "Pesticides",
            "buildingnumber": "1048",
            "clientdevices": "0",
            "totalAP": "2"
        },
        {
            "buildingname": "Early Childhood Development Lab",
            "buildingnumber": "1071",
            "clientdevices": "19",
            "totalAP": "19"
        },
        {
            "buildingname": "Forbes Natural History",
            "buildingnumber": "1073",
            "clientdevices": "54",
            "totalAP": "55"
        },
        {
            "buildingname": "Z Building",
            "buildingnumber": "1074",
            "clientdevices": "52",
            "totalAP": "14"
        },
        {
            "buildingname": "Gateway Building",
            "buildingnumber": "1075",
            "clientdevices": "0",
            "totalAP": "0"
        },
        {
            "buildingname": "Technology Plaza",
            "buildingnumber": "1083",
            "clientdevices": "86",
            "totalAP": "15"
        },
        {
            "buildingname": "Soyface Trailer",
            "buildingnumber": "1085",
            "clientdevices": "9",
            "totalAP": "1"
        },
        {
            "buildingname": "Aerodynamics Research Laboratory",
            "buildingnumber": "1093",
            "clientdevices": "4",
            "totalAP": "5"
        },
        {
            "buildingname": "North Campus Parking Deck",
            "buildingnumber": "1094",
            "clientdevices": "61",
            "totalAP": "14"
        },
        {
            "buildingname": "Enterprise Works",
            "buildingnumber": "1095",
            "clientdevices": "135",
            "totalAP": "12"
        },
        {
            "buildingname": "Oak Street Library",
            "buildingnumber": "1096",
            "clientdevices": "27",
            "totalAP": "36"
        },
        {
            "buildingname": "Pond Site Laboratory",
            "buildingnumber": "1101",
            "clientdevices": "2",
            "totalAP": "1"
        },
        {
            "buildingname": "Z2",
            "buildingnumber": "1103",
            "clientdevices": "35",
            "totalAP": "4"
        },
        {
            "buildingname": "State Water Survey Building 1",
            "buildingnumber": "1104",
            "clientdevices": "14",
            "totalAP": "13"
        },
        {
            "buildingname": "State Water Survey Building 3",
            "buildingnumber": "1106",
            "clientdevices": "3",
            "totalAP": "12"
        },
        {
            "buildingname": "State Water Survey Building 4",
            "buildingnumber": "1107",
            "clientdevices": "11",
            "totalAP": "9"
        },
        {
            "buildingname": "State Water Survey Building 5",
            "buildingnumber": "1108",
            "clientdevices": "8",
            "totalAP": "9"
        },
        {
            "buildingname": "State Water Survey Building 6",
            "buildingnumber": "1109",
            "clientdevices": "18",
            "totalAP": "10"
        },
        {
            "buildingname": "State Water Survey Building 9",
            "buildingnumber": "1112",
            "clientdevices": "5",
            "totalAP": "9"
        },
        {
            "buildingname": "CDMS",
            "buildingnumber": "1114",
            "clientdevices": "9",
            "totalAP": "3"
        },
        {
            "buildingname": "203 W Curtis Suite 1",
            "buildingnumber": "1115",
            "clientdevices": "3",
            "totalAP": "2"
        },
        {
            "buildingname": "201 W Curtis Suite 2",
            "buildingnumber": "1131",
            "clientdevices": "2",
            "totalAP": "1"
        },
        {
            "buildingname": "Christopher Hall",
            "buildingnumber": "1133",
            "clientdevices": "9",
            "totalAP": "22"
        },
        {
            "buildingname": "State Water Survey Building 11",
            "buildingnumber": "1139",
            "clientdevices": "28",
            "totalAP": "10"
        },
        {
            "buildingname": "701 Greg",
            "buildingnumber": "1140",
            "clientdevices": "12",
            "totalAP": "5"
        },
        {
            "buildingname": "Asian American House",
            "buildingnumber": "1145",
            "clientdevices": "9",
            "totalAP": "8"
        },
        {
            "buildingname": "Beef and Sheep Field Lab",
            "buildingnumber": "1146",
            "clientdevices": "0",
            "totalAP": "2"
        },
        {
            "buildingname": "Calving Isolation",
            "buildingnumber": "1154",
            "clientdevices": "0",
            "totalAP": "1"
        },
        {
            "buildingname": "Bee Research",
            "buildingnumber": "1165",
            "clientdevices": "13",
            "totalAP": "2"
        },
        {
            "buildingname": "FSI Hazmat Storage Building",
            "buildingnumber": "1171",
            "clientdevices": "1",
            "totalAP": "2"
        },
        {
            "buildingname": "FSI Storage Building",
            "buildingnumber": "1172",
            "clientdevices": "3",
            "totalAP": "2"
        },
        {
            "buildingname": "FSI Apparatus Storage Building",
            "buildingnumber": "1173",
            "clientdevices": "0",
            "totalAP": "1"
        },
        {
            "buildingname": "FSI South Storage Building",
            "buildingnumber": "1178",
            "clientdevices": "0",
            "totalAP": "1"
        },
        {
            "buildingname": "Indoor Golf",
            "buildingnumber": "1187",
            "clientdevices": "1",
            "totalAP": "1"
        },
        {
            "buildingname": "Business Instructional Facility",
            "buildingnumber": "1206",
            "clientdevices": "414",
            "totalAP": "112"
        },
        {
            "buildingname": "528 Green",
            "buildingnumber": "1207",
            "clientdevices": "41",
            "totalAP": "6"
        },
        {
            "buildingname": "Engineering Senior Project Laboratory",
            "buildingnumber": "1209",
            "clientdevices": "4",
            "totalAP": "2"
        },
        {
            "buildingname": "Tech Fab",
            "buildingnumber": "1211",
            "clientdevices": "28",
            "totalAP": "1"
        },
        {
            "buildingname": "Child Care Facility",
            "buildingnumber": "1213",
            "clientdevices": "8",
            "totalAP": "3"
        },
        {
            "buildingname": "Conference Center",
            "buildingnumber": "1214",
            "clientdevices": "39",
            "totalAP": "22"
        },
        {
            "buildingname": "Poultry Cage House Building 3",
            "buildingnumber": "1216",
            "clientdevices": "0",
            "totalAP": "1"
        },
        {
            "buildingname": "Ashton Woods Apartment Office",
            "buildingnumber": "1217",
            "clientdevices": "3",
            "totalAP": "2"
        },
        {
            "buildingname": "Integrated Bioprocessing Research Laboratory",
            "buildingnumber": "1233",
            "clientdevices": "4",
            "totalAP": "25"
        },
        {
            "buildingname": "Poultry Specialized Research Building 2",
            "buildingnumber": "1234",
            "clientdevices": "0",
            "totalAP": "1"
        },
        {
            "buildingname": "Poultry Chick Lab Hatchery Building 1",
            "buildingnumber": "1235",
            "clientdevices": "0",
            "totalAP": "1"
        },
        {
            "buildingname": "Poultry Grower House 4",
            "buildingnumber": "1236",
            "clientdevices": "0",
            "totalAP": "1"
        },
        {
            "buildingname": "Poultry Breeder House Building 5",
            "buildingnumber": "1237",
            "clientdevices": "0",
            "totalAP": "1"
        },
        {
            "buildingname": "700 S Gregory",
            "buildingnumber": "1241",
            "clientdevices": "89",
            "totalAP": "29"
        },
        {
            "buildingname": "EBI Metal Shed",
            "buildingnumber": "1242",
            "clientdevices": "0",
            "totalAP": "1"
        },
        {
            "buildingname": "Petascale",
            "buildingnumber": "1244",
            "clientdevices": "21",
            "totalAP": "18"
        },
        {
            "buildingname": "Ikenberry Dining",
            "buildingnumber": "1247",
            "clientdevices": "150",
            "totalAP": "52"
        },
        {
            "buildingname": "Nugent Hall",
            "buildingnumber": "1248",
            "clientdevices": "69",
            "totalAP": "148"
        },
        {
            "buildingname": "Wassaja Hall",
            "buildingnumber": "1249",
            "clientdevices": "18",
            "totalAP": "152"
        },
        {
            "buildingname": "Bousfield Hall",
            "buildingnumber": "1252",
            "clientdevices": "19",
            "totalAP": "171"
        },
        {
            "buildingname": "Fruit Research",
            "buildingnumber": "1258",
            "clientdevices": "6",
            "totalAP": "3"
        },
        {
            "buildingname": "FSI Learning Resource Center",
            "buildingnumber": "1261",
            "clientdevices": "26",
            "totalAP": "14"
        },
        {
            "buildingname": "507 E Green",
            "buildingnumber": "1262",
            "clientdevices": "111",
            "totalAP": "28"
        },
        {
            "buildingname": "McFarland Carillon",
            "buildingnumber": "1263",
            "clientdevices": "2",
            "totalAP": "4"
        },
        {
            "buildingname": "901 W University",
            "buildingnumber": "1265",
            "clientdevices": "56",
            "totalAP": "10"
        },
        {
            "buildingname": "Tech Fab 2",
            "buildingnumber": "1266",
            "clientdevices": "14",
            "totalAP": "4"
        },
        {
            "buildingname": "EBI Shed",
            "buildingnumber": "1267",
            "clientdevices": "7",
            "totalAP": "3"
        },
        {
            "buildingname": "Robert Evers Lab",
            "buildingnumber": "1268",
            "clientdevices": "21",
            "totalAP": "16"
        },
        {
            "buildingname": "Eichelberger Field Locker Room",
            "buildingnumber": "1270",
            "clientdevices": "0",
            "totalAP": "2"
        },
        {
            "buildingname": "Illinois Field Locker Room",
            "buildingnumber": "1284",
            "clientdevices": "0",
            "totalAP": "2"
        },
        {
            "buildingname": "Biomass Drying Shed",
            "buildingnumber": "1291",
            "clientdevices": "0",
            "totalAP": "1"
        },
        {
            "buildingname": "Gable Home",
            "buildingnumber": "1294",
            "clientdevices": "0",
            "totalAP": "0"
        },
        {
            "buildingname": "Dixon Springs IFRC",
            "buildingnumber": "1380",
            "clientdevices": "4",
            "totalAP": "2"
        },
        {
            "buildingname": "Dixon Springs Arnold House",
            "buildingnumber": "1381",
            "clientdevices": "2",
            "totalAP": "1"
        },
        {
            "buildingname": "Dixon Springs Dorm And Meeting Hall",
            "buildingnumber": "1391",
            "clientdevices": "2",
            "totalAP": "6"
        },
        {
            "buildingname": "Dixon Springs Admin Office",
            "buildingnumber": "1393",
            "clientdevices": "0",
            "totalAP": "5"
        },
        {
            "buildingname": "Dixon Springs Green Barn",
            "buildingnumber": "1402",
            "clientdevices": "0",
            "totalAP": "2"
        },
        {
            "buildingname": "Dixon Springs Hart House",
            "buildingnumber": "1405",
            "clientdevices": "3",
            "totalAP": "1"
        },
        {
            "buildingname": "Dixon Springs Office and Lab",
            "buildingnumber": "1407",
            "clientdevices": "0",
            "totalAP": "1"
        },
        {
            "buildingname": "Crop Sciences Research Center",
            "buildingnumber": "1463",
            "clientdevices": "8",
            "totalAP": "6"
        },
        {
            "buildingname": "Carle Mills Cancer Center",
            "buildingnumber": "1479",
            "clientdevices": "30",
            "totalAP": "3"
        },
        {
            "buildingname": "Solar Decathlon House",
            "buildingnumber": "1485",
            "clientdevices": "0",
            "totalAP": "1"
        },
        {
            "buildingname": "Center for Wounded Vets",
            "buildingnumber": "1494",
            "clientdevices": "8",
            "totalAP": "25"
        },
        {
            "buildingname": "PNCL",
            "buildingnumber": "1511",
            "clientdevices": "0",
            "totalAP": "3"
        },
        {
            "buildingname": "Technology Development and Fabrication Center IV",
            "buildingnumber": "1531",
            "clientdevices": "1",
            "totalAP": "6"
        },
        {
            "buildingname": "Allerton Main House",
            "buildingnumber": "2001",
            "clientdevices": "7",
            "totalAP": "8"
        },
        {
            "buildingname": "Allerton Gate House",
            "buildingnumber": "2002",
            "clientdevices": "0",
            "totalAP": "1"
        },
        {
            "buildingname": "Allerton House in the Woods",
            "buildingnumber": "2003",
            "clientdevices": "1",
            "totalAP": "1"
        },
        {
            "buildingname": "Allerton Evergreen Lodge",
            "buildingnumber": "2004",
            "clientdevices": "0",
            "totalAP": "2"
        },
        {
            "buildingname": "Allerton Tool House",
            "buildingnumber": "2008",
            "clientdevices": "5",
            "totalAP": "1"
        },
        {
            "buildingname": "Allerton Visitor Center",
            "buildingnumber": "2010",
            "clientdevices": "12",
            "totalAP": "1"
        },
        {
            "buildingname": "Allerton 4H Camp Office",
            "buildingnumber": "2027",
            "clientdevices": "2",
            "totalAP": "1"
        },
        {
            "buildingname": "ICYT",
            "buildingnumber": "2105",
            "clientdevices": "51",
            "totalAP": "7"
        },
        {
            "buildingname": "M2",
            "buildingnumber": "2509",
            "clientdevices": "10",
            "totalAP": "7"
        },
        {
            "buildingname": "Oak Chiller",
            "buildingnumber": "8283",
            "clientdevices": "5",
            "totalAP": "3"
        },
        {
            "buildingname": "Vet Med Harrison",
            "buildingnumber": "9515",
            "clientdevices": "9",
            "totalAP": "7"
        },
        {
            "buildingname": "Chicago Architecture Studio",
            "buildingnumber": "9516",
            "clientdevices": "2",
            "totalAP": "1"
        },
        {
            "buildingname": "UIF Wacker Dr Chicago",
            "buildingnumber": "9520",
            "clientdevices": "5",
            "totalAP": "3"
        }
    ]
}